DataType,Model,Project,Run,Accuracy,F1-Score,AUC,MCC
MAMProcessed,RandomForest,Lucene_0_20231203223012,0,1.0,1.0,1.0,1.0
MAMProcessed,RandomForest,Lucene_0_20231203223012,1,1.0,1.0,1.0,1.0
MAMProcessed,RandomForest,Lucene_0_20231203223012,2,1.0,1.0,1.0,1.0
MAMProcessed,RandomForest,Lucene_0_20231203223012,3,1.0,1.0,1.0,1.0
MAMProcessed,RandomForest,Lucene_0_20231203223012,4,1.0,1.0,1.0,1.0
MAMProcessed,RandomForest,Lucene_0_20231203223012,5,1.0,1.0,1.0,1.0
MAMProcessed,RandomForest,Lucene_0_20231203223012,6,1.0,1.0,1.0,1.0
MAMProcessed,RandomForest,Lucene_0_20231203223012,7,1.0,1.0,1.0,1.0
MAMProcessed,RandomForest,Lucene_0_20231203223012,8,1.0,1.0,1.0,1.0
MAMProcessed,RandomForest,Lucene_0_20231203223012,9,1.0,1.0,1.0,1.0
MAMProcessed,RandomForest,Lucene_0_20231203223012,10,1.0,1.0,1.0,1.0
MAMProcessed,RandomForest,Lucene_0_20231203223012,11,1.0,1.0,1.0,1.0
MAMProcessed,RandomForest,Lucene_0_20231203223012,12,1.0,1.0,1.0,1.0
MAMProcessed,RandomForest,Lucene_0_20231203223012,13,1.0,1.0,1.0,1.0
MAMProcessed,RandomForest,Lucene_0_20231203223012,14,1.0,1.0,1.0,1.0
MAMProcessed,RandomForest,Lucene_0_20231203223012,15,1.0,1.0,1.0,1.0
MAMProcessed,RandomForest,Lucene_0_20231203223012,16,1.0,1.0,1.0,1.0
MAMProcessed,RandomForest,Lucene_0_20231203223012,17,1.0,1.0,1.0,1.0
MAMProcessed,RandomForest,Lucene_0_20231203223012,18,1.0,1.0,1.0,1.0
MAMProcessed,RandomForest,Lucene_0_20231203223012,19,1.0,1.0,1.0,1.0
MAMProcessed,RandomForest,Lucene_0_20231203223012,20,1.0,1.0,1.0,1.0
MAMProcessed,RandomForest,Lucene_0_20231203223012,21,1.0,1.0,1.0,1.0
MAMProcessed,RandomForest,Lucene_0_20231203223012,22,1.0,1.0,1.0,1.0
MAMProcessed,RandomForest,Lucene_0_20231203223012,23,1.0,1.0,1.0,1.0
MAMProcessed,RandomForest,Lucene_0_20231203223012,24,1.0,1.0,1.0,1.0
MAMProcessed,RandomForest,Lucene_0_20231203223012,25,1.0,1.0,1.0,1.0
MAMProcessed,RandomForest,Lucene_0_20231203223012,26,1.0,1.0,1.0,1.0
MAMProcessed,RandomForest,Lucene_0_20231203223012,27,1.0,1.0,1.0,1.0
MAMProcessed,RandomForest,Lucene_0_20231203223012,28,1.0,1.0,1.0,1.0
MAMProcessed,RandomForest,Lucene_0_20231203223012,29,1.0,1.0,1.0,1.0
MAMProcessed,RandomForest,Mylyn_6_20231204001532,0,1.0,1.0,1.0,1.0
MAMProcessed,RandomForest,Mylyn_6_20231204001532,1,1.0,1.0,1.0,1.0
MAMProcessed,RandomForest,Mylyn_6_20231204001532,2,1.0,1.0,1.0,1.0
MAMProcessed,RandomForest,Mylyn_6_20231204001532,3,1.0,1.0,1.0,1.0
MAMProcessed,RandomForest,Mylyn_6_20231204001532,4,1.0,1.0,1.0,1.0
MAMProcessed,RandomForest,Mylyn_6_20231204001532,5,1.0,1.0,1.0,1.0
MAMProcessed,RandomForest,Mylyn_6_20231204001532,6,1.0,1.0,1.0,1.0
MAMProcessed,RandomForest,Mylyn_6_20231204001532,7,1.0,1.0,1.0,1.0
MAMProcessed,RandomForest,Mylyn_6_20231204001532,8,1.0,1.0,1.0,1.0
MAMProcessed,RandomForest,Mylyn_6_20231204001532,9,1.0,1.0,1.0,1.0
MAMProcessed,RandomForest,Mylyn_6_20231204001532,10,1.0,1.0,1.0,1.0
MAMProcessed,RandomForest,Mylyn_6_20231204001532,11,1.0,1.0,1.0,1.0
MAMProcessed,RandomForest,Mylyn_6_20231204001532,12,1.0,1.0,1.0,1.0
MAMProcessed,RandomForest,Mylyn_6_20231204001532,13,1.0,1.0,1.0,1.0
MAMProcessed,RandomForest,Mylyn_6_20231204001532,14,1.0,1.0,1.0,1.0
MAMProcessed,RandomForest,Mylyn_6_20231204001532,15,1.0,1.0,1.0,1.0
MAMProcessed,RandomForest,Mylyn_6_20231204001532,16,1.0,1.0,1.0,1.0
MAMProcessed,RandomForest,Mylyn_6_20231204001532,17,1.0,1.0,1.0,1.0
MAMProcessed,RandomForest,Mylyn_6_20231204001532,18,1.0,1.0,1.0,1.0
MAMProcessed,RandomForest,Mylyn_6_20231204001532,19,1.0,1.0,1.0,1.0
MAMProcessed,RandomForest,Mylyn_6_20231204001532,20,1.0,1.0,1.0,1.0
MAMProcessed,RandomForest,Mylyn_6_20231204001532,21,1.0,1.0,1.0,1.0
MAMProcessed,RandomForest,Mylyn_6_20231204001532,22,1.0,1.0,1.0,1.0
MAMProcessed,RandomForest,Mylyn_6_20231204001532,23,1.0,1.0,1.0,1.0
MAMProcessed,RandomForest,Mylyn_6_20231204001532,24,1.0,1.0,1.0,1.0
MAMProcessed,RandomForest,Mylyn_6_20231204001532,25,1.0,1.0,1.0,1.0
MAMProcessed,RandomForest,Mylyn_6_20231204001532,26,1.0,1.0,1.0,1.0
MAMProcessed,RandomForest,Mylyn_6_20231204001532,27,1.0,1.0,1.0,1.0
MAMProcessed,RandomForest,Mylyn_6_20231204001532,28,1.0,1.0,1.0,1.0
MAMProcessed,RandomForest,Mylyn_6_20231204001532,29,1.0,1.0,1.0,1.0
MAMProcessed,RandomForest,hbase-0.94.0_1_20231204001256,0,1.0,1.0,1.0,1.0
MAMProcessed,RandomForest,hbase-0.94.0_1_20231204001256,1,1.0,1.0,1.0,1.0
MAMProcessed,RandomForest,hbase-0.94.0_1_20231204001256,2,1.0,1.0,1.0,1.0
MAMProcessed,RandomForest,hbase-0.94.0_1_20231204001256,3,1.0,1.0,1.0,1.0
MAMProcessed,RandomForest,hbase-0.94.0_1_20231204001256,4,1.0,1.0,1.0,1.0
MAMProcessed,RandomForest,hbase-0.94.0_1_20231204001256,5,1.0,1.0,1.0,1.0
MAMProcessed,RandomForest,hbase-0.94.0_1_20231204001256,6,1.0,1.0,1.0,1.0
MAMProcessed,RandomForest,hbase-0.94.0_1_20231204001256,7,1.0,1.0,1.0,1.0
MAMProcessed,RandomForest,hbase-0.94.0_1_20231204001256,8,1.0,1.0,1.0,1.0
MAMProcessed,RandomForest,hbase-0.94.0_1_20231204001256,9,1.0,1.0,1.0,1.0
MAMProcessed,RandomForest,hbase-0.94.0_1_20231204001256,10,1.0,1.0,1.0,1.0
MAMProcessed,RandomForest,hbase-0.94.0_1_20231204001256,11,1.0,1.0,1.0,1.0
MAMProcessed,RandomForest,hbase-0.94.0_1_20231204001256,12,1.0,1.0,1.0,1.0
MAMProcessed,RandomForest,hbase-0.94.0_1_20231204001256,13,1.0,1.0,1.0,1.0
MAMProcessed,RandomForest,hbase-0.94.0_1_20231204001256,14,1.0,1.0,1.0,1.0
MAMProcessed,RandomForest,hbase-0.94.0_1_20231204001256,15,1.0,1.0,1.0,1.0
MAMProcessed,RandomForest,hbase-0.94.0_1_20231204001256,16,1.0,1.0,1.0,1.0
MAMProcessed,RandomForest,hbase-0.94.0_1_20231204001256,17,1.0,1.0,1.0,1.0
MAMProcessed,RandomForest,hbase-0.94.0_1_20231204001256,18,1.0,1.0,1.0,1.0
MAMProcessed,RandomForest,hbase-0.94.0_1_20231204001256,19,1.0,1.0,1.0,1.0
MAMProcessed,RandomForest,hbase-0.94.0_1_20231204001256,20,1.0,1.0,1.0,1.0
MAMProcessed,RandomForest,hbase-0.94.0_1_20231204001256,21,1.0,1.0,1.0,1.0
MAMProcessed,RandomForest,hbase-0.94.0_1_20231204001256,22,1.0,1.0,1.0,1.0
MAMProcessed,RandomForest,hbase-0.94.0_1_20231204001256,23,1.0,1.0,1.0,1.0
MAMProcessed,RandomForest,hbase-0.94.0_1_20231204001256,24,1.0,1.0,1.0,1.0
MAMProcessed,RandomForest,hbase-0.94.0_1_20231204001256,25,1.0,1.0,1.0,1.0
MAMProcessed,RandomForest,hbase-0.94.0_1_20231204001256,26,1.0,1.0,1.0,1.0
MAMProcessed,RandomForest,hbase-0.94.0_1_20231204001256,27,1.0,1.0,1.0,1.0
MAMProcessed,RandomForest,hbase-0.94.0_1_20231204001256,28,1.0,1.0,1.0,1.0
MAMProcessed,RandomForest,hbase-0.94.0_1_20231204001256,29,1.0,1.0,1.0,1.0
MAMProcessed,RandomForest,ant-1.7_12_20231204001552,0,1.0,1.0,1.0,1.0
MAMProcessed,RandomForest,ant-1.7_12_20231204001552,1,1.0,1.0,1.0,1.0
MAMProcessed,RandomForest,ant-1.7_12_20231204001552,2,1.0,1.0,1.0,1.0
MAMProcessed,RandomForest,ant-1.7_12_20231204001552,3,1.0,1.0,1.0,1.0
MAMProcessed,RandomForest,ant-1.7_12_20231204001552,4,1.0,1.0,1.0,1.0
MAMProcessed,RandomForest,ant-1.7_12_20231204001552,5,1.0,1.0,1.0,1.0
MAMProcessed,RandomForest,ant-1.7_12_20231204001552,6,1.0,1.0,1.0,1.0
MAMProcessed,RandomForest,ant-1.7_12_20231204001552,7,1.0,1.0,1.0,1.0
MAMProcessed,RandomForest,ant-1.7_12_20231204001552,8,1.0,1.0,1.0,1.0
MAMProcessed,RandomForest,ant-1.7_12_20231204001552,9,1.0,1.0,1.0,1.0
MAMProcessed,RandomForest,ant-1.7_12_20231204001552,10,1.0,1.0,1.0,1.0
MAMProcessed,RandomForest,ant-1.7_12_20231204001552,11,1.0,1.0,1.0,1.0
MAMProcessed,RandomForest,ant-1.7_12_20231204001552,12,1.0,1.0,1.0,1.0
MAMProcessed,RandomForest,ant-1.7_12_20231204001552,13,1.0,1.0,1.0,1.0
MAMProcessed,RandomForest,ant-1.7_12_20231204001552,14,1.0,1.0,1.0,1.0
MAMProcessed,RandomForest,ant-1.7_12_20231204001552,15,1.0,1.0,1.0,1.0
MAMProcessed,RandomForest,ant-1.7_12_20231204001552,16,1.0,1.0,1.0,1.0
MAMProcessed,RandomForest,ant-1.7_12_20231204001552,17,1.0,1.0,1.0,1.0
MAMProcessed,RandomForest,ant-1.7_12_20231204001552,18,1.0,1.0,1.0,1.0
MAMProcessed,RandomForest,ant-1.7_12_20231204001552,19,1.0,1.0,1.0,1.0
MAMProcessed,RandomForest,ant-1.7_12_20231204001552,20,1.0,1.0,1.0,1.0
MAMProcessed,RandomForest,ant-1.7_12_20231204001552,21,1.0,1.0,1.0,1.0
MAMProcessed,RandomForest,ant-1.7_12_20231204001552,22,1.0,1.0,1.0,1.0
MAMProcessed,RandomForest,ant-1.7_12_20231204001552,23,1.0,1.0,1.0,1.0
MAMProcessed,RandomForest,ant-1.7_12_20231204001552,24,1.0,1.0,1.0,1.0
MAMProcessed,RandomForest,ant-1.7_12_20231204001552,25,1.0,1.0,1.0,1.0
MAMProcessed,RandomForest,ant-1.7_12_20231204001552,26,1.0,1.0,1.0,1.0
MAMProcessed,RandomForest,ant-1.7_12_20231204001552,27,1.0,1.0,1.0,1.0
MAMProcessed,RandomForest,ant-1.7_12_20231204001552,28,1.0,1.0,1.0,1.0
MAMProcessed,RandomForest,ant-1.7_12_20231204001552,29,1.0,1.0,1.0,1.0
MAMProcessed,RandomForest,JDT_14_20231204001601,0,1.0,1.0,1.0,1.0
MAMProcessed,RandomForest,JDT_14_20231204001601,1,1.0,1.0,1.0,1.0
MAMProcessed,RandomForest,JDT_14_20231204001601,2,1.0,1.0,1.0,1.0
MAMProcessed,RandomForest,JDT_14_20231204001601,3,1.0,1.0,1.0,1.0
MAMProcessed,RandomForest,JDT_14_20231204001601,4,1.0,1.0,1.0,1.0
MAMProcessed,RandomForest,JDT_14_20231204001601,5,1.0,1.0,1.0,1.0
MAMProcessed,RandomForest,JDT_14_20231204001601,6,1.0,1.0,1.0,1.0
MAMProcessed,RandomForest,JDT_14_20231204001601,7,1.0,1.0,1.0,1.0
MAMProcessed,RandomForest,JDT_14_20231204001601,8,1.0,1.0,1.0,1.0
MAMProcessed,RandomForest,JDT_14_20231204001601,9,1.0,1.0,1.0,1.0
MAMProcessed,RandomForest,JDT_14_20231204001601,10,1.0,1.0,1.0,1.0
MAMProcessed,RandomForest,JDT_14_20231204001601,11,1.0,1.0,1.0,1.0
MAMProcessed,RandomForest,JDT_14_20231204001601,12,1.0,1.0,1.0,1.0
MAMProcessed,RandomForest,JDT_14_20231204001601,13,1.0,1.0,1.0,1.0
MAMProcessed,RandomForest,JDT_14_20231204001601,14,1.0,1.0,1.0,1.0
MAMProcessed,RandomForest,JDT_14_20231204001601,15,1.0,1.0,1.0,1.0
MAMProcessed,RandomForest,JDT_14_20231204001601,16,1.0,1.0,1.0,1.0
MAMProcessed,RandomForest,JDT_14_20231204001601,17,1.0,1.0,1.0,1.0
MAMProcessed,RandomForest,JDT_14_20231204001601,18,1.0,1.0,1.0,1.0
MAMProcessed,RandomForest,JDT_14_20231204001601,19,1.0,1.0,1.0,1.0
MAMProcessed,RandomForest,JDT_14_20231204001601,20,1.0,1.0,1.0,1.0
MAMProcessed,RandomForest,JDT_14_20231204001601,21,1.0,1.0,1.0,1.0
MAMProcessed,RandomForest,JDT_14_20231204001601,22,1.0,1.0,1.0,1.0
MAMProcessed,RandomForest,JDT_14_20231204001601,23,1.0,1.0,1.0,1.0
MAMProcessed,RandomForest,JDT_14_20231204001601,24,1.0,1.0,1.0,1.0
MAMProcessed,RandomForest,JDT_14_20231204001601,25,1.0,1.0,1.0,1.0
MAMProcessed,RandomForest,JDT_14_20231204001601,26,1.0,1.0,1.0,1.0
MAMProcessed,RandomForest,JDT_14_20231204001601,27,1.0,1.0,1.0,1.0
MAMProcessed,RandomForest,JDT_14_20231204001601,28,1.0,1.0,1.0,1.0
MAMProcessed,RandomForest,JDT_14_20231204001601,29,1.0,1.0,1.0,1.0
MAMProcessed,RandomForest,groovy-1_6_BETA_1_10_20231204001551,0,1.0,1.0,1.0,1.0
MAMProcessed,RandomForest,groovy-1_6_BETA_1_10_20231204001551,1,1.0,1.0,1.0,1.0
MAMProcessed,RandomForest,groovy-1_6_BETA_1_10_20231204001551,2,1.0,1.0,1.0,1.0
MAMProcessed,RandomForest,groovy-1_6_BETA_1_10_20231204001551,3,1.0,1.0,1.0,1.0
MAMProcessed,RandomForest,groovy-1_6_BETA_1_10_20231204001551,4,1.0,1.0,1.0,1.0
MAMProcessed,RandomForest,groovy-1_6_BETA_1_10_20231204001551,5,1.0,1.0,1.0,1.0
MAMProcessed,RandomForest,groovy-1_6_BETA_1_10_20231204001551,6,1.0,1.0,1.0,1.0
MAMProcessed,RandomForest,groovy-1_6_BETA_1_10_20231204001551,7,1.0,1.0,1.0,1.0
MAMProcessed,RandomForest,groovy-1_6_BETA_1_10_20231204001551,8,1.0,1.0,1.0,1.0
MAMProcessed,RandomForest,groovy-1_6_BETA_1_10_20231204001551,9,1.0,1.0,1.0,1.0
MAMProcessed,RandomForest,groovy-1_6_BETA_1_10_20231204001551,10,1.0,1.0,1.0,1.0
MAMProcessed,RandomForest,groovy-1_6_BETA_1_10_20231204001551,11,1.0,1.0,1.0,1.0
MAMProcessed,RandomForest,groovy-1_6_BETA_1_10_20231204001551,12,1.0,1.0,1.0,1.0
MAMProcessed,RandomForest,groovy-1_6_BETA_1_10_20231204001551,13,1.0,1.0,1.0,1.0
MAMProcessed,RandomForest,groovy-1_6_BETA_1_10_20231204001551,14,1.0,1.0,1.0,1.0
MAMProcessed,RandomForest,groovy-1_6_BETA_1_10_20231204001551,15,1.0,1.0,1.0,1.0
MAMProcessed,RandomForest,groovy-1_6_BETA_1_10_20231204001551,16,1.0,1.0,1.0,1.0
MAMProcessed,RandomForest,groovy-1_6_BETA_1_10_20231204001551,17,1.0,1.0,1.0,1.0
MAMProcessed,RandomForest,groovy-1_6_BETA_1_10_20231204001551,18,1.0,1.0,1.0,1.0
MAMProcessed,RandomForest,groovy-1_6_BETA_1_10_20231204001551,19,1.0,1.0,1.0,1.0
MAMProcessed,RandomForest,groovy-1_6_BETA_1_10_20231204001551,20,1.0,1.0,1.0,1.0
MAMProcessed,RandomForest,groovy-1_6_BETA_1_10_20231204001551,21,1.0,1.0,1.0,1.0
MAMProcessed,RandomForest,groovy-1_6_BETA_1_10_20231204001551,22,1.0,1.0,1.0,1.0
MAMProcessed,RandomForest,groovy-1_6_BETA_1_10_20231204001551,23,1.0,1.0,1.0,1.0
MAMProcessed,RandomForest,groovy-1_6_BETA_1_10_20231204001551,24,1.0,1.0,1.0,1.0
MAMProcessed,RandomForest,groovy-1_6_BETA_1_10_20231204001551,25,1.0,1.0,1.0,1.0
MAMProcessed,RandomForest,groovy-1_6_BETA_1_10_20231204001551,26,1.0,1.0,1.0,1.0
MAMProcessed,RandomForest,groovy-1_6_BETA_1_10_20231204001551,27,1.0,1.0,1.0,1.0
MAMProcessed,RandomForest,groovy-1_6_BETA_1_10_20231204001551,28,1.0,1.0,1.0,1.0
MAMProcessed,RandomForest,groovy-1_6_BETA_1_10_20231204001551,29,1.0,1.0,1.0,1.0
MAMProcessed,RandomForest,tomcat_5_20231204001447,0,1.0,1.0,1.0,1.0
MAMProcessed,RandomForest,tomcat_5_20231204001447,1,1.0,1.0,1.0,1.0
MAMProcessed,RandomForest,tomcat_5_20231204001447,2,1.0,1.0,1.0,1.0
MAMProcessed,RandomForest,tomcat_5_20231204001447,3,1.0,1.0,1.0,1.0
MAMProcessed,RandomForest,tomcat_5_20231204001447,4,1.0,1.0,1.0,1.0
MAMProcessed,RandomForest,tomcat_5_20231204001447,5,1.0,1.0,1.0,1.0
MAMProcessed,RandomForest,tomcat_5_20231204001447,6,1.0,1.0,1.0,1.0
MAMProcessed,RandomForest,tomcat_5_20231204001447,7,1.0,1.0,1.0,1.0
MAMProcessed,RandomForest,tomcat_5_20231204001447,8,1.0,1.0,1.0,1.0
MAMProcessed,RandomForest,tomcat_5_20231204001447,9,1.0,1.0,1.0,1.0
MAMProcessed,RandomForest,tomcat_5_20231204001447,10,1.0,1.0,1.0,1.0
MAMProcessed,RandomForest,tomcat_5_20231204001447,11,1.0,1.0,1.0,1.0
MAMProcessed,RandomForest,tomcat_5_20231204001447,12,1.0,1.0,1.0,1.0
MAMProcessed,RandomForest,tomcat_5_20231204001447,13,1.0,1.0,1.0,1.0
MAMProcessed,RandomForest,tomcat_5_20231204001447,14,1.0,1.0,1.0,1.0
MAMProcessed,RandomForest,tomcat_5_20231204001447,15,1.0,1.0,1.0,1.0
MAMProcessed,RandomForest,tomcat_5_20231204001447,16,1.0,1.0,1.0,1.0
MAMProcessed,RandomForest,tomcat_5_20231204001447,17,1.0,1.0,1.0,1.0
MAMProcessed,RandomForest,tomcat_5_20231204001447,18,1.0,1.0,1.0,1.0
MAMProcessed,RandomForest,tomcat_5_20231204001447,19,1.0,1.0,1.0,1.0
MAMProcessed,RandomForest,tomcat_5_20231204001447,20,1.0,1.0,1.0,1.0
MAMProcessed,RandomForest,tomcat_5_20231204001447,21,1.0,1.0,1.0,1.0
MAMProcessed,RandomForest,tomcat_5_20231204001447,22,1.0,1.0,1.0,1.0
MAMProcessed,RandomForest,tomcat_5_20231204001447,23,1.0,1.0,1.0,1.0
MAMProcessed,RandomForest,tomcat_5_20231204001447,24,1.0,1.0,1.0,1.0
MAMProcessed,RandomForest,tomcat_5_20231204001447,25,1.0,1.0,1.0,1.0
MAMProcessed,RandomForest,tomcat_5_20231204001447,26,1.0,1.0,1.0,1.0
MAMProcessed,RandomForest,tomcat_5_20231204001447,27,1.0,1.0,1.0,1.0
MAMProcessed,RandomForest,tomcat_5_20231204001447,28,1.0,1.0,1.0,1.0
MAMProcessed,RandomForest,tomcat_5_20231204001447,29,1.0,1.0,1.0,1.0
MAMProcessed,RandomForest,jruby-1.1_8_20231204001540,0,1.0,1.0,1.0,1.0
MAMProcessed,RandomForest,jruby-1.1_8_20231204001540,1,1.0,1.0,1.0,1.0
MAMProcessed,RandomForest,jruby-1.1_8_20231204001540,2,1.0,1.0,1.0,1.0
MAMProcessed,RandomForest,jruby-1.1_8_20231204001540,3,1.0,1.0,1.0,1.0
MAMProcessed,RandomForest,jruby-1.1_8_20231204001540,4,1.0,1.0,1.0,1.0
MAMProcessed,RandomForest,jruby-1.1_8_20231204001540,5,1.0,1.0,1.0,1.0
MAMProcessed,RandomForest,jruby-1.1_8_20231204001540,6,1.0,1.0,1.0,1.0
MAMProcessed,RandomForest,jruby-1.1_8_20231204001540,7,1.0,1.0,1.0,1.0
MAMProcessed,RandomForest,jruby-1.1_8_20231204001540,8,1.0,1.0,1.0,1.0
MAMProcessed,RandomForest,jruby-1.1_8_20231204001540,9,1.0,1.0,1.0,1.0
MAMProcessed,RandomForest,jruby-1.1_8_20231204001540,10,1.0,1.0,1.0,1.0
MAMProcessed,RandomForest,jruby-1.1_8_20231204001540,11,1.0,1.0,1.0,1.0
MAMProcessed,RandomForest,jruby-1.1_8_20231204001540,12,1.0,1.0,1.0,1.0
MAMProcessed,RandomForest,jruby-1.1_8_20231204001540,13,1.0,1.0,1.0,1.0
MAMProcessed,RandomForest,jruby-1.1_8_20231204001540,14,1.0,1.0,1.0,1.0
MAMProcessed,RandomForest,jruby-1.1_8_20231204001540,15,1.0,1.0,1.0,1.0
MAMProcessed,RandomForest,jruby-1.1_8_20231204001540,16,1.0,1.0,1.0,1.0
MAMProcessed,RandomForest,jruby-1.1_8_20231204001540,17,1.0,1.0,1.0,1.0
MAMProcessed,RandomForest,jruby-1.1_8_20231204001540,18,1.0,1.0,1.0,1.0
MAMProcessed,RandomForest,jruby-1.1_8_20231204001540,19,1.0,1.0,1.0,1.0
MAMProcessed,RandomForest,jruby-1.1_8_20231204001540,20,1.0,1.0,1.0,1.0
MAMProcessed,RandomForest,jruby-1.1_8_20231204001540,21,1.0,1.0,1.0,1.0
MAMProcessed,RandomForest,jruby-1.1_8_20231204001540,22,1.0,1.0,1.0,1.0
MAMProcessed,RandomForest,jruby-1.1_8_20231204001540,23,1.0,1.0,1.0,1.0
MAMProcessed,RandomForest,jruby-1.1_8_20231204001540,24,1.0,1.0,1.0,1.0
MAMProcessed,RandomForest,jruby-1.1_8_20231204001540,25,1.0,1.0,1.0,1.0
MAMProcessed,RandomForest,jruby-1.1_8_20231204001540,26,1.0,1.0,1.0,1.0
MAMProcessed,RandomForest,jruby-1.1_8_20231204001540,27,1.0,1.0,1.0,1.0
MAMProcessed,RandomForest,jruby-1.1_8_20231204001540,28,1.0,1.0,1.0,1.0
MAMProcessed,RandomForest,jruby-1.1_8_20231204001540,29,1.0,1.0,1.0,1.0
MAMProcessed,RandomForest,camel-1.4_9_20231204001541,0,1.0,1.0,1.0,1.0
MAMProcessed,RandomForest,camel-1.4_9_20231204001541,1,1.0,1.0,1.0,1.0
MAMProcessed,RandomForest,camel-1.4_9_20231204001541,2,1.0,1.0,1.0,1.0
MAMProcessed,RandomForest,camel-1.4_9_20231204001541,3,1.0,1.0,1.0,1.0
MAMProcessed,RandomForest,camel-1.4_9_20231204001541,4,1.0,1.0,1.0,1.0
MAMProcessed,RandomForest,camel-1.4_9_20231204001541,5,1.0,1.0,1.0,1.0
MAMProcessed,RandomForest,camel-1.4_9_20231204001541,6,1.0,1.0,1.0,1.0
MAMProcessed,RandomForest,camel-1.4_9_20231204001541,7,1.0,1.0,1.0,1.0
MAMProcessed,RandomForest,camel-1.4_9_20231204001541,8,1.0,1.0,1.0,1.0
MAMProcessed,RandomForest,camel-1.4_9_20231204001541,9,1.0,1.0,1.0,1.0
MAMProcessed,RandomForest,camel-1.4_9_20231204001541,10,1.0,1.0,1.0,1.0
MAMProcessed,RandomForest,camel-1.4_9_20231204001541,11,1.0,1.0,1.0,1.0
MAMProcessed,RandomForest,camel-1.4_9_20231204001541,12,1.0,1.0,1.0,1.0
MAMProcessed,RandomForest,camel-1.4_9_20231204001541,13,1.0,1.0,1.0,1.0
MAMProcessed,RandomForest,camel-1.4_9_20231204001541,14,0.9942857142857143,0.9942531662736291,1.0,0.9817092781860388
MAMProcessed,RandomForest,camel-1.4_9_20231204001541,15,1.0,1.0,1.0,1.0
MAMProcessed,RandomForest,camel-1.4_9_20231204001541,16,1.0,1.0,1.0,1.0
MAMProcessed,RandomForest,camel-1.4_9_20231204001541,17,1.0,1.0,1.0,1.0
MAMProcessed,RandomForest,camel-1.4_9_20231204001541,18,1.0,1.0,1.0,1.0
MAMProcessed,RandomForest,camel-1.4_9_20231204001541,19,1.0,1.0,1.0,1.0
MAMProcessed,RandomForest,camel-1.4_9_20231204001541,20,1.0,1.0,1.0,1.0
MAMProcessed,RandomForest,camel-1.4_9_20231204001541,21,1.0,1.0,1.0,1.0
MAMProcessed,RandomForest,camel-1.4_9_20231204001541,22,1.0,1.0,1.0,1.0
MAMProcessed,RandomForest,camel-1.4_9_20231204001541,23,0.9942857142857143,0.994247106495927,1.0,0.9798191986792546
MAMProcessed,RandomForest,camel-1.4_9_20231204001541,24,1.0,1.0,1.0,1.0
MAMProcessed,RandomForest,camel-1.4_9_20231204001541,25,1.0,1.0,1.0,1.0
MAMProcessed,RandomForest,camel-1.4_9_20231204001541,26,1.0,1.0,1.0,1.0
MAMProcessed,RandomForest,camel-1.4_9_20231204001541,27,1.0,1.0,1.0,1.0
MAMProcessed,RandomForest,camel-1.4_9_20231204001541,28,1.0,1.0,1.0,1.0
MAMProcessed,RandomForest,camel-1.4_9_20231204001541,29,1.0,1.0,1.0,1.0
MAMProcessed,RandomForest,poi-2.0_3_20231204001328,0,1.0,1.0,1.0,1.0
MAMProcessed,RandomForest,poi-2.0_3_20231204001328,1,1.0,1.0,1.0,1.0
MAMProcessed,RandomForest,poi-2.0_3_20231204001328,2,1.0,1.0,1.0,1.0
MAMProcessed,RandomForest,poi-2.0_3_20231204001328,3,1.0,1.0,1.0,1.0
MAMProcessed,RandomForest,poi-2.0_3_20231204001328,4,1.0,1.0,1.0,1.0
MAMProcessed,RandomForest,poi-2.0_3_20231204001328,5,1.0,1.0,1.0,1.0
MAMProcessed,RandomForest,poi-2.0_3_20231204001328,6,1.0,1.0,1.0,1.0
MAMProcessed,RandomForest,poi-2.0_3_20231204001328,7,1.0,1.0,1.0,1.0
MAMProcessed,RandomForest,poi-2.0_3_20231204001328,8,1.0,1.0,1.0,1.0
MAMProcessed,RandomForest,poi-2.0_3_20231204001328,9,1.0,1.0,1.0,1.0
MAMProcessed,RandomForest,poi-2.0_3_20231204001328,10,1.0,1.0,1.0,1.0
MAMProcessed,RandomForest,poi-2.0_3_20231204001328,11,1.0,1.0,1.0,1.0
MAMProcessed,RandomForest,poi-2.0_3_20231204001328,12,1.0,1.0,1.0,1.0
MAMProcessed,RandomForest,poi-2.0_3_20231204001328,13,1.0,1.0,1.0,1.0
MAMProcessed,RandomForest,poi-2.0_3_20231204001328,14,1.0,1.0,1.0,1.0
MAMProcessed,RandomForest,poi-2.0_3_20231204001328,15,1.0,1.0,1.0,1.0
MAMProcessed,RandomForest,poi-2.0_3_20231204001328,16,1.0,1.0,1.0,1.0
MAMProcessed,RandomForest,poi-2.0_3_20231204001328,17,1.0,1.0,1.0,1.0
MAMProcessed,RandomForest,poi-2.0_3_20231204001328,18,1.0,1.0,1.0,1.0
MAMProcessed,RandomForest,poi-2.0_3_20231204001328,19,1.0,1.0,1.0,1.0
MAMProcessed,RandomForest,poi-2.0_3_20231204001328,20,1.0,1.0,1.0,1.0
MAMProcessed,RandomForest,poi-2.0_3_20231204001328,21,1.0,1.0,1.0,1.0
MAMProcessed,RandomForest,poi-2.0_3_20231204001328,22,1.0,1.0,1.0,1.0
MAMProcessed,RandomForest,poi-2.0_3_20231204001328,23,1.0,1.0,1.0,1.0
MAMProcessed,RandomForest,poi-2.0_3_20231204001328,24,1.0,1.0,1.0,1.0
MAMProcessed,RandomForest,poi-2.0_3_20231204001328,25,1.0,1.0,1.0,1.0
MAMProcessed,RandomForest,poi-2.0_3_20231204001328,26,1.0,1.0,1.0,1.0
MAMProcessed,RandomForest,poi-2.0_3_20231204001328,27,1.0,1.0,1.0,1.0
MAMProcessed,RandomForest,poi-2.0_3_20231204001328,28,1.0,1.0,1.0,1.0
MAMProcessed,RandomForest,poi-2.0_3_20231204001328,29,1.0,1.0,1.0,1.0
MAMProcessed,RandomForest,jedit-4.0_7_20231204001532,0,1.0,1.0,1.0,1.0
MAMProcessed,RandomForest,jedit-4.0_7_20231204001532,1,1.0,1.0,1.0,1.0
MAMProcessed,RandomForest,jedit-4.0_7_20231204001532,2,1.0,1.0,1.0,1.0
MAMProcessed,RandomForest,jedit-4.0_7_20231204001532,3,1.0,1.0,1.0,1.0
MAMProcessed,RandomForest,jedit-4.0_7_20231204001532,4,1.0,1.0,1.0,1.0
MAMProcessed,RandomForest,jedit-4.0_7_20231204001532,5,1.0,1.0,1.0,1.0
MAMProcessed,RandomForest,jedit-4.0_7_20231204001532,6,1.0,1.0,1.0,1.0
MAMProcessed,RandomForest,jedit-4.0_7_20231204001532,7,1.0,1.0,1.0,1.0
MAMProcessed,RandomForest,jedit-4.0_7_20231204001532,8,1.0,1.0,1.0,1.0
MAMProcessed,RandomForest,jedit-4.0_7_20231204001532,9,1.0,1.0,1.0,1.0
MAMProcessed,RandomForest,jedit-4.0_7_20231204001532,10,1.0,1.0,1.0,1.0
MAMProcessed,RandomForest,jedit-4.0_7_20231204001532,11,1.0,1.0,1.0,1.0
MAMProcessed,RandomForest,jedit-4.0_7_20231204001532,12,1.0,1.0,1.0,1.0
MAMProcessed,RandomForest,jedit-4.0_7_20231204001532,13,1.0,1.0,1.0,1.0
MAMProcessed,RandomForest,jedit-4.0_7_20231204001532,14,1.0,1.0,1.0,1.0
MAMProcessed,RandomForest,jedit-4.0_7_20231204001532,15,1.0,1.0,1.0,1.0
MAMProcessed,RandomForest,jedit-4.0_7_20231204001532,16,1.0,1.0,1.0,1.0
MAMProcessed,RandomForest,jedit-4.0_7_20231204001532,17,1.0,1.0,1.0,1.0
MAMProcessed,RandomForest,jedit-4.0_7_20231204001532,18,1.0,1.0,1.0,1.0
MAMProcessed,RandomForest,jedit-4.0_7_20231204001532,19,1.0,1.0,1.0,1.0
MAMProcessed,RandomForest,jedit-4.0_7_20231204001532,20,1.0,1.0,1.0,1.0
MAMProcessed,RandomForest,jedit-4.0_7_20231204001532,21,1.0,1.0,1.0,1.0
MAMProcessed,RandomForest,jedit-4.0_7_20231204001532,22,1.0,1.0,1.0,1.0
MAMProcessed,RandomForest,jedit-4.0_7_20231204001532,23,1.0,1.0,1.0,1.0
MAMProcessed,RandomForest,jedit-4.0_7_20231204001532,24,1.0,1.0,1.0,1.0
MAMProcessed,RandomForest,jedit-4.0_7_20231204001532,25,1.0,1.0,1.0,1.0
MAMProcessed,RandomForest,jedit-4.0_7_20231204001532,26,1.0,1.0,1.0,1.0
MAMProcessed,RandomForest,jedit-4.0_7_20231204001532,27,1.0,1.0,1.0,1.0
MAMProcessed,RandomForest,jedit-4.0_7_20231204001532,28,1.0,1.0,1.0,1.0
MAMProcessed,RandomForest,jedit-4.0_7_20231204001532,29,1.0,1.0,1.0,1.0
MAMProcessed,RandomForest,xalan-2.4_13_20231204001552,0,1.0,1.0,1.0,1.0
MAMProcessed,RandomForest,xalan-2.4_13_20231204001552,1,1.0,1.0,1.0,1.0
MAMProcessed,RandomForest,xalan-2.4_13_20231204001552,2,1.0,1.0,1.0,1.0
MAMProcessed,RandomForest,xalan-2.4_13_20231204001552,3,1.0,1.0,1.0,1.0
MAMProcessed,RandomForest,xalan-2.4_13_20231204001552,4,1.0,1.0,1.0,1.0
MAMProcessed,RandomForest,xalan-2.4_13_20231204001552,5,1.0,1.0,1.0,1.0
MAMProcessed,RandomForest,xalan-2.4_13_20231204001552,6,1.0,1.0,1.0,1.0
MAMProcessed,RandomForest,xalan-2.4_13_20231204001552,7,1.0,1.0,1.0,1.0
MAMProcessed,RandomForest,xalan-2.4_13_20231204001552,8,1.0,1.0,1.0,1.0
MAMProcessed,RandomForest,xalan-2.4_13_20231204001552,9,1.0,1.0,1.0,1.0
MAMProcessed,RandomForest,xalan-2.4_13_20231204001552,10,1.0,1.0,1.0,1.0
MAMProcessed,RandomForest,xalan-2.4_13_20231204001552,11,1.0,1.0,1.0,1.0
MAMProcessed,RandomForest,xalan-2.4_13_20231204001552,12,1.0,1.0,1.0,1.0
MAMProcessed,RandomForest,xalan-2.4_13_20231204001552,13,1.0,1.0,1.0,1.0
MAMProcessed,RandomForest,xalan-2.4_13_20231204001552,14,1.0,1.0,1.0,1.0
MAMProcessed,RandomForest,xalan-2.4_13_20231204001552,15,1.0,1.0,1.0,1.0
MAMProcessed,RandomForest,xalan-2.4_13_20231204001552,16,1.0,1.0,1.0,1.0
MAMProcessed,RandomForest,xalan-2.4_13_20231204001552,17,1.0,1.0,1.0,1.0
MAMProcessed,RandomForest,xalan-2.4_13_20231204001552,18,1.0,1.0,1.0,1.0
MAMProcessed,RandomForest,xalan-2.4_13_20231204001552,19,1.0,1.0,1.0,1.0
MAMProcessed,RandomForest,xalan-2.4_13_20231204001552,20,1.0,1.0,1.0,1.0
MAMProcessed,RandomForest,xalan-2.4_13_20231204001552,21,1.0,1.0,1.0,1.0
MAMProcessed,RandomForest,xalan-2.4_13_20231204001552,22,1.0,1.0,1.0,1.0
MAMProcessed,RandomForest,xalan-2.4_13_20231204001552,23,1.0,1.0,1.0,1.0
MAMProcessed,RandomForest,xalan-2.4_13_20231204001552,24,1.0,1.0,1.0,1.0
MAMProcessed,RandomForest,xalan-2.4_13_20231204001552,25,1.0,1.0,1.0,1.0
MAMProcessed,RandomForest,xalan-2.4_13_20231204001552,26,1.0,1.0,1.0,1.0
MAMProcessed,RandomForest,xalan-2.4_13_20231204001552,27,1.0,1.0,1.0,1.0
MAMProcessed,RandomForest,xalan-2.4_13_20231204001552,28,1.0,1.0,1.0,1.0
MAMProcessed,RandomForest,xalan-2.4_13_20231204001552,29,1.0,1.0,1.0,1.0
